{
  "sku": "SKU_05",
  "mae": 400.36785888671875,
  "mse": 179676.875,
  "rmse": 423.8830911937866,
  "mape": 59.47431505675069
}