{
  "sku": "SKU_04",
  "mae": 1930.014892578125,
  "mse": 4130234.0,
  "rmse": 2032.297714410957,
  "mape": 90.5696969438082
}