{
  "sku": "SKU_02",
  "mae": 69.99703216552734,
  "mse": 6076.75439453125,
  "rmse": 77.95353997434145,
  "mape": 24.510292315059946
}