{
  "sku": "SKU_01",
  "mae": 14.709684371948242,
  "mse": 255.5863037109375,
  "rmse": 15.987066763823108,
  "mape": 112.1319198822499
}