{
  "sku": "SKU_03",
  "mae": 3576.570556640625,
  "mse": 18464470.0,
  "rmse": 4297.030369918277,
  "mape": 32.91006048301555
}